"film_id","title","rental_duration","rating","regular_revenue","late_revenue","total_revenue","rental_volume"
879,"TELEGRAPH VOYAGE",3,"PG","14.97","216.76","231.73","27"
973,"WIFE TURN",3,"NC-17","49.90","173.79","223.69","31"
1000,"ZORRO ARK",3,"NC-17","64.87","149.82","214.69","31"
369,"GOODFELLAS SALUTE",4,"PG","59.88","149.81","209.69","31"
764,"SATURDAY LAMBS",3,"G","44.91","159.81","204.72","28"
893,"TITANS JERK",4,"PG","54.89","146.82","201.71","29"
897,"TORQUE BOUND",3,"G","55.88","142.84","198.72","27"
403,"HARRY IDAHO",5,"PG-13","74.85","120.85","195.70","30"
460,"INNOCENT USUAL",3,"PG-13","39.92","151.82","191.74","26"
444,"HUSTLER PARTY",3,"NC-17","14.97","175.81","190.78","22"
670,"PELICAN COMFORTS",4,"PG","44.91","143.83","188.74","26"
127,"CAT CONEHEADS",5,"G","94.81","86.89","181.70","30"
284,"ENEMY ODDS",5,"NC-17","69.86","110.85","180.71","29"
103,"BUCKET BROTHERHOOD",7,"PG","134.73","45.93","180.66","34"
715,"RANGE MOONWALKER",3,"PG","74.85","104.88","179.73","27"
563,"MASSACRE USUAL",6,"R","74.85","104.85","179.70","30"
941,"VIDEOTAPE ARSENIC",4,"NC-17","79.84","98.87","178.71","29"
239,"DOGMA FAMILY",5,"G","94.81","83.89","178.70","30"
31,"APACHE DIVINE",5,"NC-17","94.81","83.88","178.69","31"
938,"VELVET TERMINATOR",3,"R","49.90","127.84","177.74","26"
244,"DORADO NOTTING",5,"NC-17","59.88","116.85","176.73","27"
327,"FOOL MOCKINGBIRD",3,"PG","29.94","145.83","175.77","23"
979,"WITCHES PANIC",6,"NC-17","89.82","83.88","173.70","30"
159,"CLOSER BANG",5,"R","69.86","102.86","172.72","28"
767,"SCALAWAG DUCK",6,"NC-17","119.76","52.92","172.68","32"
745,"ROSES TREASURE",5,"PG-13","79.84","91.88","171.72","28"
865,"SUNRISE LEAGUE",3,"PG-13","54.89","115.87","170.76","24"
791,"SHOW LORD",3,"PG-13","54.89","115.86","170.75","25"
624,"NIGHTMARE CHILL",3,"PG","39.92","129.83","169.75","25"
771,"SCORPION APOLLO",3,"NC-17","44.91","123.86","168.77","23"
21,"AMERICAN CIRCUS",3,"R","44.91","122.87","167.78","22"
174,"CONFIDENTIAL INTERVIEW",6,"NC-17","89.82","74.89","164.71","29"
551,"MAIDEN HOME",3,"PG","39.92","123.84","163.76","24"
989,"WORKING MICROCOSMOS",4,"R","39.92","123.83","163.75","25"
775,"SEATTLE EXPECATIONS",4,"PG-13","35.92","127.83","163.75","24"
86,"BOOGIE AMELIE",6,"R","109.78","53.92","163.70","29"
846,"STING PERSONAL",3,"NC-17","39.92","119.87","159.79","21"
527,"LOLA AGENT",4,"PG","49.90","109.86","159.76","24"
48,"BACKLASH UNDEFEATED",3,"PG-13","14.97","143.84","158.81","19"
575,"MIDSUMMER GROUNDHOG",3,"G","39.92","116.86","156.78","22"
892,"TITANIC BOONDOCK",3,"R","50.89","103.88","154.77","23"
838,"STAGECOACH ARMAGEDDON",5,"R","64.87","89.87","154.74","26"
580,"MINE TITANS",3,"PG-13","29.94","123.87","153.81","19"
683,"PITY BOUND",5,"NC-17","79.84","73.90","153.74","26"
778,"SECRETS PARADISE",3,"G","29.94","122.86","152.80","20"
267,"EAGLES PANKY",4,"NC-17","44.91","107.87","152.78","22"
408,"HEAD STRANGER",4,"R","54.89","97.89","152.78","22"
972,"WHISPERER GIANT",4,"PG-13","39.92","111.86","151.78","22"
271,"EASY GLADIATOR",5,"G","39.92","110.85","150.77","23"
579,"MINDS TRUMAN",3,"PG-13","34.93","114.87","149.80","20"
307,"FELLOWSHIP AUTUMN",6,"NC-17","69.86","79.88","149.74","26"
985,"WONDERLAND CHRISTMAS",4,"PG","49.90","98.88","148.78","22"
856,"STREETCAR INTENTIONS",5,"R","79.84","68.91","148.75","25"
501,"KISSING DOLLS",3,"R","39.92","107.88","147.80","20"
861,"SUIT WALLS",3,"R","39.92","107.87","147.79","21"
902,"TRADING PINOCCHIO",6,"PG","64.87","82.88","147.75","25"
521,"LIES TREATMENT",7,"NC-17","94.81","52.92","147.73","27"
45,"ATTRACTION NEWTON",5,"PG-13","69.86","76.90","146.76","24"
330,"FORRESTER COMANCHEROS",7,"NC-17","99.80","46.93","146.73","27"
603,"MOVIE SHAKESPEARE",6,"PG","89.82","55.92","145.74","27"
911,"TRIP NEWTON",7,"PG-13","114.77","30.95","145.72","28"
350,"GARDEN ISLAND",3,"G","24.95","119.85","144.80","20"
263,"DURHAM PANKY",6,"R","99.80","44.94","144.74","26"
698,"PRINCESS GIANT",3,"NC-17","17.94","124.80","142.74","27"
112,"CALENDAR GUNFIGHT",4,"NC-17","49.90","91.89","141.79","21"
596,"MOONSHINE CABIN",4,"PG-13","49.90","91.89","141.79","21"
898,"TOURIST PELICAN",4,"PG-13","54.89","86.89","141.78","22"
843,"STEEL SANTA",4,"NC-17","64.87","76.90","141.77","23"
253,"DRIFTER COMMANDMENTS",5,"PG-13","74.85","66.91","141.76","24"
135,"CHANCE RESURRECTION",3,"R","14.95","126.78","141.73","27"
320,"FLAMINGOS CONNECTICUT",4,"PG-13","79.84","59.93","139.77","23"
313,"FIDELITY DEVIL",5,"G","44.91","93.88","138.79","21"
131,"CENTER DINOSAUR",5,"PG","79.84","57.92","137.76","24"
167,"COMA HEAD",6,"NC-17","104.79","32.95","137.74","26"
706,"QUEEN LUKE",5,"PG","49.90","86.88","136.78","22"
614,"NAME DETECTIVE",5,"PG-13","74.85","61.92","136.77","23"
172,"CONEHEADS SMOOCHY",7,"NC-17","79.84","56.91","136.75","25"
702,"PULP BEVERLY",4,"G","38.87","97.83","136.70","30"
361,"GLEAMING JAWBREAKER",5,"NC-17","30.89","105.81","136.70","29"
995,"YENTL IDAHO",5,"R","74.85","60.92","135.77","23"
324,"FLINTSTONES HAPPINESS",3,"PG-13","24.95","109.88","134.83","17"
971,"WHALE BIKINI",4,"PG-13","19.96","114.86","134.82","18"
439,"HUNCHBACK IMPOSSIBLE",4,"PG-13","49.90","84.90","134.80","20"
227,"DETAILS PACKER",4,"R","34.93","98.88","133.81","19"
680,"PINOCCHIO SIMON",4,"PG","49.90","83.90","133.80","20"
869,"SUSPECTS QUILLS",4,"PG","29.90","103.80","133.70","30"
621,"NETWORK PEAK",5,"PG-13","41.86","91.83","133.69","31"
409,"HEARTBREAKERS BRIGHT",3,"G","34.93","97.87","132.80","20"
500,"KISS GLORY",5,"PG-13","59.88","72.90","132.78","22"
61,"BEAUTY GREASE",5,"G","64.87","67.91","132.78","22"
518,"LIAISONS SWEET",5,"PG","59.88","71.90","131.78","22"
10,"ALADDIN CALENDAR",6,"NC-17","79.84","51.93","131.77","23"
804,"SLEEPING SUSPECTS",7,"PG-13","89.82","41.94","131.76","24"
572,"METROPOLIS COMA",4,"PG-13","32.89","98.85","131.74","26"
73,"BINGO TALENTED",5,"PG-13","41.86","89.85","131.71","29"
734,"ROAD ROXANNE",4,"R","39.92","90.89","130.81","19"
578,"MILLION ACE",4,"PG-13","54.89","75.91","130.80","20"
730,"RIDGEMONT SUBMARINE",3,"PG-13","5.94","124.74","130.68","32"
763,"SATISFACTION CONFIDENTIAL",3,"G","24.95","104.88","129.83","17"
412,"HEAVYWEIGHTS BEAST",6,"G","74.85","54.92","129.77","23"
215,"DAWN POND",4,"PG","39.92","88.90","128.82","18"
465,"INTERVIEW LIAISONS",4,"R","39.92","88.88","128.80","20"
129,"CAUSE DATE",3,"R","17.94","110.85","128.79","21"
117,"CANDLES GRAPES",6,"NC-17","74.85","53.92","128.77","23"
331,"FORWARD TEMPLE",6,"NC-17","47.84","80.84","128.68","32"
878,"TEEN APOLLO",3,"G","24.95","102.88","127.83","17"
818,"SOMETHING DUCK",4,"NC-17","44.91","82.90","127.81","19"
814,"SNATCH SLIPPER",6,"PG","64.87","62.91","127.78","22"
300,"FALCON VOLUME",5,"PG-13","75.84","51.93","127.77","22"
908,"TRAP GUYS",3,"G","24.95","101.89","126.84","16"
583,"MISSION ZOOLANDER",3,"PG-13","34.93","91.89","126.82","18"
6,"AGENT TRUMAN",3,"PG","5.98","120.81","126.79","21"
755,"SABRINA MIDNIGHT",5,"PG","54.89","71.90","126.79","21"
334,"FREDDY STORM",6,"NC-17","69.86","56.91","126.77","23"
109,"BUTTERFLY CHOCOLAT",3,"G","5.94","118.75","124.69","31"
854,"STRANGERS GRAFFITI",4,"R","34.93","88.90","123.83","17"
243,"DOORS PRESIDENT",3,"NC-17","49.90","73.91","123.81","19"
556,"MALTESE HOPE",6,"PG-13","79.84","43.94","123.78","22"
891,"TIMBERLAND SKY",3,"G","8.91","114.78","123.69","31"
964,"WATERFRONT DELIVERANCE",4,"G","24.95","96.88","121.83","17"
805,"SLEEPLESS MONSOON",5,"G","59.88","61.92","121.80","20"
915,"TRUMAN CRAZY",7,"G","89.82","31.95","121.77","23"
768,"SCARFACE BANG",3,"PG-13","34.93","85.89","120.82","18"
415,"HIGH ENCINO",3,"R","17.94","102.84","120.78","22"
710,"RAGE GAMES",4,"R","54.89","64.92","119.81","19"
354,"GHOST GROUNDHOG",6,"G","69.86","49.93","119.79","21"
25,"ANGELS LIFE",3,"G","20.93","98.85","119.78","22"
961,"WASH HEAVENLY",7,"R","94.81","24.96","119.77","23"
506,"LADY STAGE",4,"PG","39.92","78.91","118.83","17"
222,"DESERT POSEIDON",4,"R","44.91","73.90","118.81","19"
676,"PHILADELPHIA WIFE",7,"PG-13","74.85","43.93","118.78","23"
946,"VIRTUAL SPOILERS",3,"NC-17","14.97","102.89","117.86","14"
887,"THIEF PELICAN",5,"PG-13","39.92","77.89","117.81","19"
100,"BROOKLYN DESERT",7,"R","69.86","46.93","116.79","21"
776,"SECRET GROUNDHOG",6,"PG","69.86","46.93","116.79","21"
502,"KNOCK WARLOCK",4,"PG-13","26.91","89.85","116.76","24"
397,"HANKY OCTOBER",5,"NC-17","35.88","80.86","116.74","26"
738,"ROCKETEER MOTHER",3,"PG-13","10.89","105.78","116.67","33"
346,"GALAXY SWEETHEARTS",4,"R","44.91","70.91","115.82","18"
694,"PREJUDICE OLEANDER",6,"PG-13","59.88","55.92","115.80","20"
827,"SPICE SORORITY",5,"NC-17","64.87","50.93","115.80","20"
255,"DRIVING POLISH",6,"NC-17","79.84","35.95","115.79","21"
69,"BEVERLY OUTLAW",3,"R","17.94","97.85","115.79","21"
183,"CONVERSATION DOWNHILL",4,"R","24.95","89.88","114.83","17"
922,"UNDEFEATED DALMATIONS",7,"PG-13","74.85","39.94","114.79","21"
35,"ARACHNOPHOBIA ROLLERCOASTER",4,"PG-13","20.93","93.83","114.76","24"
450,"IDOLS SNATCHERS",5,"NC-17","56.81","57.89","114.70","30"
396,"HANGING DEEP",5,"G","49.90","63.91","113.81","19"
720,"REDEMPTION COMFORTS",3,"NC-17","17.94","95.86","113.80","20"
637,"OPEN AFRICAN",7,"PG","74.85","38.94","113.79","21"
857,"STRICTLY SCARFACE",3,"PG-13","23.92","89.85","113.77","23"
777,"SECRETARY ROUGE",5,"PG","39.92","72.90","112.82","18"
433,"HORN WORKING",4,"PG","35.88","76.88","112.76","24"
162,"CLUELESS BUCKET",4,"R","38.87","73.88","112.75","25"
349,"GANGS PRIDE",4,"PG-13","44.85","67.88","112.73","27"
77,"BIRDS PERDITION",5,"G","49.90","61.92","111.82","18"
871,"SWEDEN SHINING",6,"PG","45.90","65.91","111.81","18"
590,"MONEY HAROLD",3,"PG","20.93","90.87","111.80","20"
304,"FARGO GANDHI",3,"G","38.87","72.89","111.76","24"
654,"PANKY SUBMARINE",4,"G","14.97","95.88","110.85","15"
260,"DUDE BLINDNESS",3,"G","29.94","80.90","110.84","16"
294,"EXPECATIONS NATURAL",5,"PG-13","44.91","65.91","110.82","18"
139,"CHASING FIGHT",7,"PG","54.89","55.92","110.81","20"
725,"REQUIEM TYCOON",6,"R","54.89","55.92","110.81","19"
723,"REIGN GENTLEMEN",3,"PG-13","17.94","92.86","110.80","20"
895,"TOMORROW HUSTLER",3,"R","32.89","77.86","110.75","25"
382,"GRIT CLOCKWORK",3,"PG","8.91","101.77","110.68","32"
216,"DAY UNFAITHFUL",3,"G","19.96","89.90","109.86","14"
95,"BREAKFAST GOLDFINGER",5,"G","34.93","74.90","109.83","17"
785,"SHAWSHANK BUBBLE",6,"PG","54.89","54.92","109.81","19"
486,"JET NEIGHBORS",7,"R","64.87","44.93","109.80","20"
378,"GREATEST NORTH",5,"NC-17","53.82","55.89","109.71","29"
319,"FISH OPUS",4,"R","32.89","75.86","108.75","25"
760,"SAMURAI LION",5,"G","38.87","69.88","108.75","25"
739,"ROCKY WAR",4,"PG-13","34.93","72.91","107.84","16"
170,"COMMAND DARLING",5,"PG-13","29.94","77.90","107.84","16"
484,"JERK PAYCHECK",3,"NC-17","17.94","89.86","107.80","20"
823,"SOUTH WAIT",4,"R","23.92","83.86","107.78","22"
59,"BEAR GRACELAND",4,"R","23.92","83.86","107.78","22"
305,"FATAL HAUNTED",6,"PG","53.82","53.90","107.72","28"
759,"SALUTE APOLLO",4,"R","35.88","70.89","106.77","23"
199,"CUPBOARD SINNERS",4,"R","26.91","79.86","106.77","23"
356,"GIANT TROOPERS",5,"R","56.81","49.91","106.72","28"
859,"SUGAR WONKA",3,"PG","34.93","70.90","105.83","17"
512,"LEAGUE HELLFIGHTERS",5,"PG-13","49.90","55.93","105.83","17"
370,"GORGEOUS BINGO",4,"R","14.95","90.86","105.81","19"
668,"PEAK FOREVER",7,"PG","74.85","30.95","105.80","20"
274,"EGG IGBY",4,"PG","20.93","84.86","105.79","21"
735,"ROBBERS JOON",7,"PG-13","68.77","36.92","105.69","31"
969,"WEST LION",4,"G","39.92","64.92","104.84","16"
845,"STEPMOM DREAM",7,"NC-17","84.83","19.97","104.80","20"
37,"ARIZONA BANG",3,"PG","23.92","80.87","104.79","21"
445,"HYDE DOCTOR",5,"G","58.81","45.92","104.73","26"
919,"TYCOON GATHERING",3,"G","9.98","93.90","103.88","12"
251,"DRAGONFLY STRANGERS",6,"NC-17","59.88","43.94","103.82","18"
184,"CORE SUIT",3,"PG-13","17.94","85.88","103.82","18"
571,"METAL ARMAGEDDON",6,"PG-13","32.89","70.86","103.75","25"
468,"INVASION CYCLONE",5,"PG","47.84","55.89","103.73","27"
285,"ENGLISH BULWORTH",3,"PG-13","8.91","94.79","103.70","30"
71,"BILKO ANONYMOUS",3,"PG-13","14.97","87.90","102.87","13"
336,"FRENCH HOLIDAY",5,"PG","44.91","57.92","102.83","17"
175,"CONFUSED CANDLES",3,"PG-13","11.96","90.87","102.83","17"
385,"GROUNDHOG UNCUT",6,"PG-13","54.89","47.93","102.82","18"
8,"AIRPORT POLLOCK",6,"R","44.91","57.91","102.82","18"
665,"PATTON INTERVIEW",4,"PG","29.90","72.87","102.77","23"
44,"ATTACKS HATE",5,"PG-13","34.93","66.91","101.84","16"
749,"RULES HUMAN",6,"R","29.94","71.90","101.84","16"
666,"PAYCHECK WAIT",4,"PG-13","34.93","66.91","101.84","16"
101,"BROTHERHOOD BLANKET",3,"R","6.93","94.81","101.74","26"
114,"CAMELOT VACATION",3,"NC-17","6.93","94.80","101.73","27"
65,"BEHAVIOR RUNAWAY",3,"PG","19.96","80.91","100.87","13"
708,"QUILLS BULL",4,"R","39.92","60.92","100.84","16"
691,"POSEIDON FOREVER",6,"PG-13","49.90","50.93","100.83","17"
447,"ICE CROSSING",5,"R","41.86","58.90","100.76","24"
476,"JASON TRAP",5,"NC-17","38.87","61.89","100.76","24"
570,"MERMAID INSECTS",5,"NC-17","44.91","54.93","99.84","16"
179,"CONQUERER NUTS",4,"G","49.90","49.94","99.84","16"
451,"IGBY MAKER",7,"NC-17","74.85","24.96","99.81","19"
789,"SHOCK CABIN",7,"PG-13","71.76","27.94","99.70","30"
392,"HALL CASSIDY",5,"NC-17","49.90","48.94","98.84","16"
678,"PICKUP DRIVING",3,"G","8.97","89.87","98.84","16"
70,"BIKINI BORROWERS",7,"NC-17","44.91","53.92","98.83","17"
483,"JERICHO MULAN",3,"NC-17","17.94","80.89","98.83","17"
398,"HANOVER GALAXY",5,"NC-17","59.88","38.95","98.83","17"
51,"BALLOON HOMEWARD",5,"NC-17","32.89","65.88","98.77","23"
873,"SWEETHEARTS SUSPECTS",3,"G","9.90","88.81","98.71","29"
559,"MARRIED GO",7,"G","74.75","23.95","98.70","30"
980,"WIZARD COLDBLOODED",4,"PG","44.91","52.93","97.84","16"
414,"HELLFIGHTERS SIERRA",3,"PG","23.92","73.88","97.80","20"
772,"SEA VIRGIN",4,"PG","26.91","70.87","97.78","22"
295,"EXPENDABLE STALLION",3,"PG","6.93","90.79","97.72","28"
226,"DESTINY SATURDAY",4,"G","49.90","46.94","96.84","16"
116,"CANDIDATE PERDITION",4,"R","18.93","77.88","96.81","18"
930,"VACATION BOONDOCK",4,"R","29.90","66.89","96.79","21"
55,"BARBARELLA STREETCAR",6,"G","38.87","57.88","96.75","25"
220,"DEER VIRGINIAN",7,"NC-17","59.80","36.92","96.72","29"
489,"JUGGLER HARDLY",4,"PG-13","11.88","84.80","96.68","32"
203,"DAISY MENAGERIE",5,"G","49.90","45.94","95.84","16"
456,"INCH JET",6,"NC-17","69.86","25.96","95.82","18"
649,"OZ LIAISONS",4,"R","38.87","56.89","95.76","24"
773,"SEABISCUIT PUNK",6,"NC-17","50.83","44.91","95.74","26"
609,"MUSCLE BRIGHT",7,"G","80.73","14.97","95.70","30"
365,"GOLD RIVER",4,"R","29.94","64.92","94.86","14"
835,"SPY MILE",6,"PG-13","56.81","37.92","94.73","27"
588,"MODEL FISH",4,"NC-17","39.92","53.93","93.85","15"
944,"VIRGIN DAISY",6,"PG-13","54.89","38.94","93.83","17"
265,"DYING MAKER",5,"PG","59.88","33.95","93.83","17"
212,"DARN FORRESTER",7,"G","74.85","18.97","93.82","18"
166,"COLOR PHILADELPHIA",6,"G","41.86","51.90","93.76","24"
958,"WARDROBE PHANTOM",6,"G","59.80","33.93","93.73","27"
98,"BRIGHT ENCOUNTERS",4,"PG-13","29.94","62.93","92.87","13"
321,"FLASH WARS",3,"NC-17","24.95","67.92","92.87","13"
272,"EDGE KISSING",5,"NC-17","34.93","57.92","92.85","15"
704,"PURE RUNNER",3,"NC-17","8.97","83.87","92.84","16"
611,"MUSKETEERS WAIT",7,"PG","64.87","27.96","92.83","17"
806,"SLEEPY JAPANESE",4,"PG","26.91","65.89","92.80","21"
798,"SILVERADO GOLDFINGER",4,"PG","14.97","76.91","91.88","12"
68,"BETRAYED REAR",5,"NC-17","44.91","46.94","91.85","15"
757,"SAGEBRUSH CLUELESS",4,"G","14.95","76.89","91.84","16"
803,"SLACKER LIAISONS",7,"R","59.88","31.95","91.83","17"
4,"AFFAIR PREJUDICE",5,"G","38.87","52.90","91.77","23"
880,"TELEMARK HEARTBREAKERS",6,"PG-13","50.83","40.92","91.75","25"
391,"HALF OUTFIELD",6,"PG-13","47.84","43.91","91.75","26"
78,"BLACKOUT PRIVATE",7,"PG","59.80","31.93","91.73","27"
177,"CONNECTICUT TRAMP",4,"R","14.97","75.90","90.87","13"
115,"CAMPUS REMEMBER",5,"R","17.94","72.87","90.81","19"
57,"BASIC EASY",4,"PG-13","32.89","57.90","90.79","21"
15,"ALIEN CENTER",5,"NC-17","38.87","51.91","90.78","22"
322,"FLATLINERS KILLER",5,"G","38.87","51.91","90.78","22"
277,"ELEPHANT TROJAN",4,"PG-13","34.93","54.93","89.86","14"
141,"CHICAGO NORTH",6,"PG-13","54.89","34.95","89.84","16"
165,"COLDBLOODED DARLING",7,"G","44.91","44.93","89.84","16"
234,"DISTURBING SCARFACE",6,"R","65.78","23.96","89.74","26"
682,"PITTSBURGH HUNCHBACK",4,"PG-13","9.98","78.90","88.88","12"
568,"MEMENTO ZOOLANDER",4,"NC-17","29.94","58.93","88.87","13"
597,"MOONWALKER FOOL",5,"G","24.95","63.92","88.87","13"
532,"LOSER HUSTLER",5,"PG","34.93","53.92","88.85","15"
655,"PANTHER REDS",5,"NC-17","49.90","38.95","88.85","15"
858,"SUBMARINE BED",5,"R","49.90","38.95","88.85","15"
686,"PLUTO OLEANDER",5,"R","59.88","28.96","88.84","16"
753,"RUSH GOODFELLAS",3,"PG","10.89","77.80","88.69","31"
151,"CINCINATTI WHISPERER",5,"NC-17","24.95","62.92","87.87","13"
446,"HYSTERICAL GRAIL",5,"PG","39.92","47.93","87.85","15"
936,"VANISHING ROCKY",3,"NC-17","23.92","63.90","87.82","18"
329,"FORREST SONS",4,"R","14.95","72.87","87.82","18"
628,"NORTHWEST POLISH",5,"PG","20.93","66.87","87.80","20"
43,"ATLANTIS CAUSE",6,"G","47.84","39.92","87.76","24"
434,"HORROR REIGN",3,"R","9.90","77.83","87.73","27"
638,"OPERATION OPERATION",7,"G","62.79","24.94","87.73","27"
867,"SUPER WYOMING",5,"PG","24.95","61.92","86.87","13"
956,"WANDA CHAMBER",7,"PG-13","54.89","31.95","86.84","16"
480,"JEEPERS WEDDING",3,"R","14.95","71.89","86.84","16"
510,"LAWLESS VISION",6,"G","59.88","26.96","86.84","17"
481,"JEKYLL FROGMEN",4,"PG","20.93","65.90","86.83","17"
841,"STAR OPERATION",5,"PG","35.88","50.91","86.79","21"
852,"STRANGELOVE DESIRE",4,"NC-17","4.95","81.81","86.76","24"
134,"CHAMPION FLATLINERS",4,"PG","24.95","60.92","85.87","13"
844,"STEERS ARMAGEDDON",6,"PG","49.90","35.95","85.85","15"
28,"ANTHEM LUKE",5,"PG-13","54.89","30.96","85.85","15"
443,"HURRICANE AFFAIR",6,"PG","50.83","34.93","85.76","24"
154,"CLASH FREDDY",6,"G","56.81","28.94","85.75","25"
181,"CONTACT ANONYMOUS",7,"PG-13","59.80","25.94","85.74","26"
901,"TRACY CIDER",3,"G","7.92","77.82","85.74","26"
471,"ISLAND EXORCIST",7,"NC-17","62.79","22.95","85.74","26"
46,"AUTUMN CROW",3,"G","14.97","69.92","84.89","11"
711,"RAGING AIRPLANE",4,"R","29.94","54.93","84.87","13"
667,"PEACH INNOCENT",3,"PG-13","19.94","64.91","84.85","14"
169,"COMFORTS RUSH",3,"NC-17","23.92","60.91","84.83","17"
83,"BLUES INSTINCT",5,"G","35.88","48.91","84.79","21"
608,"MURDER ANTITRUST",6,"PG","47.84","36.93","84.77","23"
247,"DOWNHILL ENOUGH",3,"G","8.91","75.84","84.75","25"
554,"MALKOVICH PET",6,"G","62.79","21.95","84.74","26"
625,"NONE SPIKING",3,"NC-17","8.91","75.82","84.73","27"
113,"CALIFORNIA BIRDS",4,"NC-17","29.94","53.94","83.88","12"
229,"DEVIL DESIRE",6,"R","49.90","33.95","83.85","15"
121,"CAROL TEXAS",4,"PG","23.92","59.90","83.82","18"
298,"EYES DRIVING",4,"PG-13","23.92","59.89","83.81","19"
326,"FLYING HOOK",6,"NC-17","23.92","59.88","83.80","20"
953,"WAIT CIDER",3,"PG-13","5.94","77.85","83.79","21"
644,"OSCAR GOLD",7,"PG","59.80","23.95","83.75","25"
210,"DARKO DORADO",3,"NC-17","14.97","67.92","82.89","11"
190,"CREEPERS KANE",5,"NC-17","44.91","37.95","82.86","14"
421,"HOLIDAY GAMES",7,"PG-13","49.90","32.95","82.85","15"
7,"AIRPLANE SIERRA",6,"PG-13","54.89","27.96","82.85","15"
987,"WORDS HUNTER",3,"PG","11.96","70.88","82.84","16"
123,"CASABLANCA SUPER",6,"G","69.86","12.98","82.84","16"
616,"NATIONAL STORY",4,"NC-17","35.88","46.93","82.81","19"
920,"UNBREAKABLE KARATE",3,"G","4.95","77.84","82.79","21"
782,"SHAKESPEARE SADDLE",6,"PG-13","41.86","40.92","82.78","22"
662,"PATHS CONTROL",3,"PG","9.98","71.92","81.90","10"
872,"SWEET BROTHERHOOD",3,"R","20.93","60.92","81.85","15"
912,"TROJAN TOMORROW",3,"PG","34.89","46.91","81.80","19"
252,"DREAM PICKUP",6,"PG","44.85","36.93","81.78","22"
353,"GENTLEMEN STAGE",6,"NC-17","47.84","33.93","81.77","23"
366,"GOLDFINGER SENSIBILITY",3,"G","6.93","74.83","81.76","24"
966,"WEDDING APOLLO",3,"PG","6.93","74.83","81.76","24"
531,"LOSE INCH",3,"R","10.89","70.84","81.73","27"
374,"GRAFFITI LOVE",3,"PG","11.88","69.82","81.70","30"
418,"HOBBIT ALIEN",5,"PG-13","10.89","70.80","81.69","31"
889,"TIES HUNGER",3,"R","14.97","65.92","80.89","11"
219,"DEEP CRUSADE",6,"PG-13","49.90","30.96","80.86","14"
438,"HUMAN GRAFFITI",3,"NC-17","5.98","74.87","80.85","15"
137,"CHARADE DUFFEL",3,"PG","14.95","65.90","80.85","15"
448,"IDAHO LOVE",3,"PG-13","26.91","53.92","80.83","17"
643,"ORIENT CLOSER",3,"R","17.94","62.89","80.83","17"
288,"ESCAPE METROPOLIS",7,"R","62.79","17.96","80.75","25"
933,"VAMPIRE WHALE",4,"NC-17","24.95","54.93","79.88","12"
426,"HOME PITY",7,"R","44.91","34.95","79.86","14"
820,"SONS INTERVIEW",3,"NC-17","19.94","59.90","79.84","15"
50,"BAKED CLEOPATRA",3,"G","20.93","58.91","79.84","16"
308,"FERRIS MOTHER",3,"PG","23.92","55.91","79.83","17"
657,"PARADISE SABRINA",5,"PG-13","26.91","52.91","79.82","18"
914,"TROUBLE DATE",6,"PG","38.87","40.91","79.78","23"
645,"OTHERS SOUP",7,"PG","50.83","28.94","79.77","23"
491,"JUMPING WRATH",4,"NC-17","4.95","74.81","79.76","24"
968,"WEREWOLF LOLA",6,"G","39.92","38.94","78.86","14"
464,"INTENTIONS EMPIRE",3,"PG-13","26.91","51.92","78.83","17"
67,"BERETS AGENT",5,"PG-13","50.83","27.95","78.78","21"
84,"BOILED DARES",7,"PG","64.87","12.98","77.85","15"
529,"LONELY ELEPHANT",3,"G","14.95","62.90","77.85","15"
473,"JACKET FRISCO",5,"PG-13","26.91","50.91","77.82","18"
707,"QUEST MUSSOLINI",5,"R","35.88","41.92","77.80","20"
402,"HARPER DYING",3,"G","3.96","73.84","77.80","20"
193,"CROSSROADS CASUALTIES",5,"G","44.85","32.94","77.79","21"
555,"MALLRATS UNITED",4,"PG","9.90","67.85","77.75","25"
60,"BEAST HUNCHBACK",3,"R","24.95","51.94","76.89","11"
917,"TUXEDO MILE",3,"R","11.96","64.91","76.87","13"
81,"BLINDNESS GUN",6,"PG-13","54.89","21.97","76.86","14"
381,"GRINCH MASSAGE",7,"R","49.90","26.96","76.86","14"
453,"IMAGE PRINCESS",3,"PG-13","11.96","64.90","76.86","14"
544,"MADISON TRAP",4,"R","11.96","64.89","76.85","15"
49,"BADMAN DAWN",6,"R","38.87","37.92","76.79","21"
341,"FROST HEAD",5,"PG","12.87","63.83","76.70","30"
853,"STRANGER STRANGERS",3,"G","24.95","50.94","75.89","11"
519,"LIBERTY MAGNIFICENT",3,"G","8.97","66.91","75.88","12"
202,"DADDY PITTSBURGH",5,"G","29.94","45.93","75.87","13"
774,"SEARCHERS WAIT",3,"NC-17","11.96","63.90","75.86","14"
173,"CONFESSIONS MAGUIRE",7,"PG-13","54.89","20.97","75.86","14"
420,"HOLES BRANNIGAN",7,"PG","49.90","25.96","75.86","15"
432,"HOPE TOOTSIE",4,"NC-17","32.89","42.93","75.82","18"
74,"BIRCH ANTITRUST",4,"PG","14.97","59.92","74.89","11"
93,"BRANNIGAN SUNRISE",4,"PG","39.92","34.96","74.88","12"
455,"IMPOSSIBLE PREJUDICE",7,"NC-17","54.89","19.97","74.86","14"
967,"WEEKEND PERSONAL",5,"R","26.91","47.91","74.82","18"
542,"LUST LOCK",3,"G","37.88","36.94","74.82","15"
428,"HOMICIDE PEACH",6,"PG-13","50.83","23.95","74.78","22"
437,"HOUSE DYNAMITE",7,"R","56.81","17.96","74.77","23"
245,"DOUBLE WRATH",4,"R","10.89","63.86","74.75","25"
888,"THIN SAGEBRUSH",5,"PG-13","29.94","43.95","73.89","11"
145,"CHISUM BEHAVIOR",5,"G","44.91","28.96","73.87","13"
648,"OUTLAW HANKY",7,"PG-13","54.89","18.97","73.86","14"
991,"WORST BANGER",4,"PG","26.91","46.93","73.84","16"
999,"ZOOLANDER FICTION",5,"R","26.91","46.92","73.83","17"
724,"REMEMBER DIARY",5,"R","26.91","46.91","73.82","18"
302,"FANTASIA PARK",5,"G","32.89","40.92","73.81","19"
462,"INSIDER ARIZONA",5,"NC-17","44.85","28.95","73.80","20"
242,"DOOM DANCING",4,"R","5.94","67.85","73.79","21"
800,"SINNERS ATLANTIS",7,"PG-13","53.82","19.96","73.78","22"
545,"MADNESS ATTACKS",4,"PG-13","5.94","67.81","73.75","25"
126,"CASUALTIES ENCINO",3,"G","14.97","57.94","72.91","9"
994,"WYOMING STORM",6,"PG-13","39.92","32.95","72.87","13"
661,"PAST SUICIDES",5,"PG-13","49.90","22.97","72.87","13"
347,"GAMES BOWFINGER",7,"PG-13","64.87","7.99","72.86","14"
275,"EGYPT TENENBAUMS",3,"PG","3.96","68.87","72.83","17"
693,"POTTER CONNECTICUT",5,"PG","20.93","51.90","72.83","17"
463,"INSTINCT AIRPORT",4,"PG","35.88","36.94","72.82","18"
619,"NEIGHBORS CHARADE",3,"R","3.96","68.85","72.81","19"
514,"LEBOWSKI SOLDIERS",6,"PG-13","44.85","27.94","72.79","21"
816,"SNOWMAN ROLLERCOASTER",3,"G","7.92","64.85","72.77","23"
417,"HILLS NEIGHBORS",5,"G","8.91","63.84","72.75","25"
120,"CARIBBEAN LIBERTY",3,"NC-17","14.97","56.94","71.91","9"
9,"ALABAMA DEVIL",3,"PG-13","8.97","62.91","71.88","12"
99,"BRINGING HYSTERICAL",7,"PG","38.87","32.93","71.80","20"
138,"CHARIOTS CONSPIRACY",5,"R","53.82","17.97","71.79","21"
870,"SWARM GOLD",4,"PG-13","12.87","58.86","71.73","27"
881,"TEMPLE ATTRACTION",5,"PG","39.92","30.96","70.88","12"
765,"SATURN NAME",7,"R","44.91","25.96","70.87","13"
929,"USUAL UNTOUCHABLES",5,"PG-13","54.89","15.98","70.87","13"
487,"JINGLE SAGEBRUSH",6,"PG-13","44.91","25.96","70.87","13"
916,"TURN STAR",3,"G","17.94","52.92","70.86","14"
231,"DINOSAUR SECRETARY",7,"R","35.88","34.92","70.80","20"
22,"AMISTAD MIDSUMMER",6,"G","47.84","22.95","70.79","21"
748,"RUGRATS SHAKESPEARE",4,"PG-13","12.87","57.83","70.70","30"
301,"FAMILY SWEET",4,"R","17.84","52.86","70.70","29"
214,"DAUGHTER MADIGAN",3,"PG-13","9.98","59.93","69.91","9"
599,"MOTHER OLEANDER",3,"R","2.97","66.89","69.86","14"
42,"ARTIST COLDBLOODED",5,"NC-17","23.92","45.92","69.84","16"
254,"DRIVER ANNIE",4,"PG-13","35.88","33.94","69.82","18"
689,"POLLOCK DELIVERANCE",5,"PG","36.87","32.94","69.81","18"
323,"FLIGHT LIES",7,"R","29.94","38.94","68.88","12"
389,"GUNFIGHTER MUSSOLINI",3,"PG-13","11.96","56.92","68.88","12"
626,"NOON PAPI",5,"G","32.89","35.94","68.83","17"
429,"HONEY TIES",3,"R","5.94","62.87","68.81","19"
142,"CHICKEN HELLFIGHTERS",3,"PG","7.92","60.86","68.78","22"
228,"DETECTIVE VISION",4,"PG-13","11.88","56.85","68.73","27"
20,"AMELIE HELLFIGHTERS",4,"R","19.96","47.94","67.90","10"
72,"BILL OTHERS",6,"PG","38.87","28.94","67.81","19"
235,"DIVIDE MONSTER",6,"PG-13","53.82","13.97","67.79","21"
292,"EXCITEMENT EVE",3,"G","7.92","59.87","67.79","21"
641,"ORANGE GRAPES",4,"PG-13","8.91","58.85","67.76","24"
499,"KING EVOLUTION",3,"NC-17","19.96","46.95","66.91","9"
918,"TWISTED PIRATES",4,"PG","24.95","41.94","66.89","11"
207,"DANGEROUS UPTOWN",7,"PG","39.92","26.96","66.88","12"
639,"OPPOSITE NECKLACE",7,"PG","54.89","11.98","66.87","13"
56,"BAREFOOT MANCHURIAN",6,"G","35.88","30.94","66.82","18"
986,"WONKA SEA",6,"NC-17","38.87","27.95","66.82","18"
640,"OPUS ICE",5,"R","29.94","35.95","65.89","11"
627,"NORTH TEQUILA",4,"NC-17","39.92","25.97","65.89","11"
567,"MEET CHOCOLATE",3,"G","8.97","56.91","65.88","12"
133,"CHAMBER ITALIAN",7,"NC-17","39.92","25.96","65.88","13"
957,"WAR NOTTING",7,"G","39.92","25.96","65.88","12"
536,"LOVELY JINGLE",3,"PG","20.93","44.93","65.86","14"
158,"CLONES PINOCCHIO",6,"R","41.86","23.95","65.81","19"
312,"FIDDLER LOST",4,"R","19.96","44.94","64.90","10"
533,"LOST BIRD",4,"PG-13","5.98","58.90","64.88","12"
236,"DIVINE RESURRECTION",4,"R","26.91","37.94","64.85","15"
557,"MANCHURIAN CURTAIN",5,"PG","26.91","37.94","64.85","15"
615,"NASH CHOCOLAT",6,"PG-13","20.93","43.92","64.85","15"
58,"BEACH HEARTBREAKERS",6,"G","32.89","31.94","64.83","17"
690,"POND SEATTLE",7,"PG-13","41.86","22.95","64.81","19"
358,"GILMORE BOILED",5,"R","14.85","49.87","64.72","28"
75,"BIRD INDEPENDENCE",6,"G","39.92","23.97","63.89","11"
633,"OCTOBER SUBMARINE",6,"PG-13","34.93","28.96","63.89","11"
478,"JAWS HARRY",4,"G","11.96","51.90","63.86","14"
561,"MASK PEACH",6,"NC-17","32.89","30.94","63.83","17"
90,"BOULEVARD MOB",3,"R","4.95","58.87","63.82","18"
344,"FURY MURDER",3,"PG-13","6.93","56.88","63.81","19"
525,"LOATHING LEGALLY",4,"R","10.89","52.84","63.73","27"
395,"HANDICAP BOONDOCK",4,"R","13.86","49.86","63.72","28"
537,"LOVER TRUMAN",3,"G","5.98","56.92","62.90","10"
716,"REAP UNFAITHFUL",6,"PG-13","29.90","32.94","62.84","16"
351,"GASLIGHT CRUSADE",4,"PG","35.88","26.96","62.84","16"
474,"JADE BUNCH",6,"NC-17","41.86","20.96","62.82","18"
17,"ALONE TRIP",3,"R","3.96","58.86","62.82","18"
269,"EARRING INSTINCT",3,"R","6.93","55.88","62.81","19"
150,"CIDER DESIRE",7,"PG","41.86","20.95","62.81","19"
993,"WRONG BEHAVIOR",6,"PG-13","50.83","11.97","62.80","20"
650,"PACIFIC AMISTAD",3,"G","11.88","50.88","62.76","24"
266,"DYNAMITE TARZAN",4,"PG-13","12.87","49.88","62.75","25"
587,"MOD SECRETARY",6,"NC-17","34.93","26.96","61.89","11"
842,"STATE WASTELAND",4,"NC-17","11.96","49.92","61.88","13"
496,"KICK SAVANNAH",3,"PG-13","7.92","53.88","61.80","20"
659,"PARK CITIZEN",3,"PG-13","9.98","50.94","60.92","8"
824,"SPARTACUS CHEAPER",4,"NC-17","14.97","45.94","60.91","9"
152,"CIRCUS YOUTH",5,"PG-13","26.91","33.94","60.85","15"
927,"UPRISING UPTOWN",6,"NC-17","26.91","33.93","60.84","16"
317,"FIREBALL PHILADELPHIA",4,"PG","5.94","54.85","60.79","21"
23,"ANACONDA CONFESSIONS",3,"R","6.93","53.86","60.79","21"
651,"PACKER MADIGAN",3,"PG-13","8.91","51.87","60.78","22"
890,"TIGHTS DAWN",5,"R","10.89","49.85","60.74","26"
543,"MADIGAN DORADO",5,"R","29.94","29.96","59.90","10"
564,"MASSAGE IMAGE",4,"PG","14.95","44.93","59.88","12"
88,"BORN SPINAL",7,"PG","59.88","0","59.88","12"
977,"WINDOW SIDE",3,"R","11.96","47.92","59.88","12"
449,"IDENTITY LOVER",4,"PG-13","20.93","38.94","59.87","13"
620,"NEMO CAMPUS",5,"NC-17","23.92","35.94","59.86","14"
647,"OUTFIELD MASSACRE",4,"NC-17","7.92","51.88","59.80","20"
314,"FIGHT JAWBREAKER",3,"R","9.90","49.88","59.78","22"
26,"ANNIE IDENTITY",3,"G","9.90","49.88","59.78","22"
586,"MOCKINGBIRD HOLLYWOOD",4,"PG","13.86","45.90","59.76","24"
811,"SMILE EARRING",4,"G","8.97","49.93","58.90","10"
905,"TRAINSPOTTING STRANGERS",7,"PG-13","44.91","13.98","58.89","11"
932,"VALLEY PACKER",3,"G","4.95","53.90","58.85","15"
606,"MUMMY CREATURES",3,"NC-17","4.95","53.89","58.84","16"
975,"WILLOW TRACY",6,"R","35.88","22.96","58.84","16"
410,"HEAVEN FREEDOM",7,"PG","41.86","16.96","58.82","18"
311,"FICTION CHRISTMAS",4,"PG","4.95","53.86","58.81","19"
204,"DALMATIONS SWEDEN",4,"PG","7.92","50.88","58.80","20"
494,"KARATE MOON",4,"PG-13","9.90","48.87","58.77","23"
390,"GUYS FALCON",4,"R","24.95","32.96","57.91","9"
246,"DOUBTFIRE LABYRINTH",5,"R","34.93","22.97","57.90","10"
508,"LAMBS CINCINATTI",6,"PG-13","29.94","27.96","57.90","10"
796,"SIERRA DIVIDE",3,"NC-17","2.97","54.88","57.85","15"
679,"PILOT HOOSIERS",6,"PG","29.90","27.94","57.84","16"
672,"PERFECT GROOVE",7,"PG-13","35.88","21.95","57.83","17"
709,"RACER EGG",7,"NC-17","41.86","15.96","57.82","18"
286,"ENOUGH RAGING",7,"NC-17","44.85","12.97","57.82","18"
345,"GABLES METROPOLIS",3,"PG","6.93","50.88","57.81","19"
733,"RIVER OUTLAW",4,"PG-13","6.93","50.88","57.81","20"
851,"STRAIGHT HOURS",3,"R","7.92","49.88","57.80","20"
276,"ELEMENT FREDDY",6,"NC-17","29.94","26.96","56.90","10"
342,"FUGITIVE MAGUIRE",7,"R","49.90","6.99","56.89","11"
92,"BOWFINGER GABLES",7,"NC-17","49.90","6.99","56.89","11"
189,"CREATURES SHAKESPEARE",3,"NC-17","4.95","51.89","56.84","16"
376,"GRAPES FURY",4,"G","15.86","40.91","56.77","22"
984,"WONDERFUL DROP",3,"NC-17","5.98","49.93","55.91","9"
469,"IRON MOON",7,"PG","49.90","5.99","55.89","11"
104,"BUGSY SONG",4,"G","11.96","43.93","55.89","11"
705,"PURPLE MOVIE",4,"R","23.92","31.95","55.87","13"
783,"SHANE DARKNESS",5,"PG","23.92","31.94","55.86","14"
24,"ANALYZE HOOSIERS",6,"R","17.94","37.92","55.86","14"
232,"DIRTY ACE",7,"NC-17","23.92","31.93","55.85","15"
664,"PATRIOT ROMAN",6,"PG","32.89","22.95","55.84","16"
925,"UNITED PILOT",3,"R","4.95","50.88","55.83","17"
380,"GREEK EVERYONE",7,"PG","38.87","16.96","55.83","17"
388,"GUNFIGHT MOON",5,"NC-17","12.87","42.89","55.76","24"
810,"SLUMS DUCK",5,"PG","10.89","44.87","55.76","24"
206,"DANCING FEVER",6,"G","11.88","43.85","55.73","27"
548,"MAGNIFICENT CHITTY",3,"R","5.98","48.94","54.92","8"
591,"MONSOON CAUSE",6,"PG","19.96","34.95","54.91","9"
13,"ALI FOREVER",4,"PG","24.95","29.96","54.91","9"
363,"GO PURPLE",3,"R","7.92","46.88","54.80","20"
338,"FRISCO FORREST",6,"PG","14.97","38.94","53.91","9"
632,"NUTS TIES",5,"NC-17","24.95","28.96","53.91","9"
442,"HUNTING MUSKETEERS",6,"NC-17","32.89","20.96","53.85","15"
770,"SCISSORHANDS SLUMS",5,"G","32.89","20.96","53.85","15"
746,"ROUGE SQUAD",3,"NC-17","5.94","47.88","53.82","18"
728,"REUNION WITCHES",3,"R","9.90","43.90","53.80","20"
807,"SLEUTH ORIENT",4,"NC-17","6.93","46.86","53.79","21"
863,"SUN CONFESSIONS",5,"R","11.88","41.87","53.75","25"
273,"EFFECT GLADIATOR",6,"PG","12.87","40.88","53.75","25"
2,"ACE GOLDFINGER",3,"G","14.97","37.96","52.93","7"
124,"CASPER DRAGONFLY",3,"PG-13","14.97","37.95","52.92","8"
934,"VANILLA DAY",7,"NC-17","24.95","27.96","52.91","9"
721,"REDS POCUS",7,"PG-13","19.96","32.95","52.91","9"
375,"GRAIL FRANKENSTEIN",4,"NC-17","11.96","40.94","52.90","10"
731,"RIGHT CRANES",7,"PG-13","39.92","12.98","52.90","10"
780,"SENSIBILITY REAR",7,"PG","39.92","12.98","52.90","10"
293,"EXORCIST STING",6,"G","17.94","34.93","52.87","13"
16,"ALLEY EVOLUTION",6,"NC-17","29.90","22.96","52.86","14"
793,"SHRUNK DIVINE",6,"R","29.90","22.96","52.86","14"
546,"MADRE GABLES",7,"PG-13","17.94","34.92","52.86","14"
373,"GRADUATE LORD",7,"G","35.88","16.96","52.84","16"
333,"FREAKY POCUS",7,"R","47.84","4.99","52.83","17"
631,"NOVOCAINE FLIGHT",4,"G","8.91","43.90","52.81","19"
147,"CHOCOLAT HARRY",5,"NC-17","7.92","44.88","52.80","20"
406,"HAUNTING PIANIST",5,"R","9.90","42.88","52.78","22"
653,"PANIC CLUB",3,"G","9.98","41.95","51.93","7"
470,"ISHTAR ROCKETEER",4,"R","9.98","41.95","51.93","7"
279,"ELIZABETH SHANE",7,"NC-17","44.91","6.99","51.90","10"
5,"AFRICAN EGG",6,"G","8.97","42.91","51.88","12"
96,"BREAKING HOME",4,"PG-13","20.93","30.94","51.87","13"
592,"MONSTER SPARTACUS",6,"PG","32.89","18.96","51.85","15"
601,"MOULIN WAKE",4,"PG-13","5.94","45.90","51.84","16"
111,"CADDYSHACK JEDI",3,"NC-17","6.93","44.91","51.84","16"
681,"PIRATES ROXANNE",4,"PG","11.90","39.88","51.78","21"
945,"VIRGINIAN PLUTO",5,"R","19.80","31.91","51.71","29"
156,"CLERKS ANGELS",3,"G","4.99","45.94","50.93","7"
988,"WORKER TARZAN",7,"R","32.89","17.96","50.85","15"
458,"INDIAN LOVE",4,"NC-17","5.94","44.90","50.84","16"
526,"LOCK REAR",7,"R","38.87","11.97","50.84","16"
504,"KWAI HOMEWARD",5,"PG-13","10.89","39.88","50.77","23"
91,"BOUND CHEAPER",5,"PG","12.87","37.89","50.76","24"
826,"SPEED SUIT",7,"PG-13","29.94","19.97","49.91","9"
211,"DARLING BREAKING",7,"PG-13","29.94","19.97","49.91","9"
466,"INTOLERABLE INTENTIONS",6,"PG-13","29.94","19.97","49.91","9"
422,"HOLLOW JEOPARDY",7,"NC-17","49.90","0","49.90","10"
692,"POTLUCK MIXED",3,"G","8.97","40.92","49.89","11"
296,"EXPRESS LONELY",5,"R","29.90","19.97","49.87","13"
673,"PERSONAL LADYBUGS",3,"PG-13","4.95","44.91","49.86","14"
900,"TOWN ARK",6,"R","29.90","19.96","49.86","14"
962,"WASTELAND DIVINE",7,"PG","32.89","16.96","49.85","15"
589,"MODERN DORADO",3,"PG","2.97","46.88","49.85","15"
80,"BLANKET BEVERLY",7,"G","32.88","16.96","49.84","16"
436,"HOURS RAGE",4,"NC-17","9.90","39.91","49.81","19"
371,"GOSFORD DONNIE",5,"G","24.95","23.97","48.92","8"
256,"DROP WATERFRONT",6,"R","34.93","13.98","48.91","9"
528,"LOLITA WORLD",4,"NC-17","11.96","36.94","48.90","10"
729,"RIDER CADDYSHACK",5,"PG","11.96","36.93","48.89","11"
209,"DARKNESS WAR",6,"NC-17","23.92","24.95","48.87","13"
201,"CYCLONE FAMILY",7,"PG","29.90","18.96","48.86","15"
394,"HAMLET WISDOM",7,"R","23.92","24.94","48.86","14"
937,"VARSITY TRIP",7,"NC-17","44.85","3.99","48.84","16"
737,"ROCK INSTINCT",4,"G","6.93","41.90","48.83","17"
367,"GOLDMINE TYCOON",6,"R","15.84","32.89","48.73","27"
951,"VOYAGE LEGALLY",6,"PG-13","15.84","32.88","48.72","28"
779,"SENSE GREEK",4,"R","14.97","32.96","47.93","7"
197,"CRUSADE HONEY",4,"R","8.97","38.95","47.92","8"
503,"KRAMER CHOCOLATE",3,"R","8.97","38.94","47.91","9"
505,"LABYRINTH LEAGUE",6,"PG-13","38.87","8.98","47.85","15"
287,"ENTRAPMENT SATISFACTION",5,"R","4.95","42.90","47.85","15"
788,"SHIP WONDERLAND",5,"R","38.87","8.98","47.85","15"
623,"NEWTON LABYRINTH",4,"PG","4.95","42.88","47.83","17"
906,"TRAMP OTHERS",4,"PG","10.89","36.91","47.80","20"
384,"GROSSE WONDERFUL",5,"R","24.95","21.97","46.92","8"
703,"PUNK DIVORCE",6,"PG","24.95","21.97","46.92","8"
30,"ANYTHING SAVANNAH",4,"R","8.97","37.94","46.91","9"
515,"LEGALLY SECRETARY",7,"PG","39.92","6.99","46.91","9"
435,"HOTEL HAPPINESS",6,"PG-13","34.93","11.98","46.91","9"
837,"STAGE WORLD",4,"PG","8.97","37.93","46.90","10"
573,"MICROCOSMOS PARADISE",6,"PG-13","23.92","22.95","46.87","13"
913,"TROOPERS METAL",3,"R","4.95","41.91","46.86","14"
658,"PARIS WEEKEND",7,"PG-13","32.89","13.97","46.86","14"
792,"SHREK LICENSE",7,"PG-13","41.86","4.99","46.85","15"
849,"STORM HAPPINESS",6,"NC-17","18.81","27.90","46.71","29"
47,"BABY HALL",5,"NC-17","24.95","20.97","45.92","8"
565,"MATRIX SNOWMAN",6,"PG-13","39.92","5.99","45.91","9"
685,"PLATOON INSTINCT",6,"PG-13","39.92","5.99","45.91","9"
740,"ROLLERCOASTER BRINGING",5,"PG-13","11.96","33.94","45.90","10"
825,"SPEAKEASY DATE",6,"PG-13","20.93","24.95","45.88","12"
213,"DATE SPEED",4,"R","3.96","41.91","45.87","13"
847,"STOCK GLASS",7,"PG","35.88","9.98","45.86","14"
921,"UNCUT SUICIDES",7,"PG-13","32.89","12.97","45.86","14"
574,"MIDNIGHT WESTWARD",3,"G","6.93","38.90","45.83","17"
39,"ARMAGEDDON LOST",5,"G","10.89","34.90","45.79","21"
303,"FANTASY TROOPERS",6,"PG-13","16.83","28.91","45.74","26"
582,"MIRACLE VIRTUAL",3,"PG-13","8.97","35.94","44.91","9"
522,"LIFE TWISTED",4,"NC-17","11.96","32.94","44.90","10"
750,"RUN PACIFIC",3,"R","1.98","42.92","44.90","10"
660,"PARTY KNOCK",7,"PG","29.90","14.97","44.87","13"
160,"CLUB GRAFFITI",4,"PG-13","9.90","34.90","44.80","19"
982,"WOMEN DORADO",4,"R","13.86","30.92","44.78","23"
12,"ALASKA PHANTOM",6,"PG","14.85","29.89","44.74","26"
719,"RECORDS ZORRO",7,"PG","29.94","13.98","43.92","8"
328,"FOREVER CANDIDATE",7,"NC-17","32.89","10.98","43.87","13"
540,"LUCKY FLYING",7,"PG-13","26.91","16.96","43.87","13"
784,"SHANGHAI TYCOON",7,"PG","38.87","4.99","43.86","14"
360,"GLASS DYING",4,"G","5.94","37.92","43.86","14"
618,"NECKLACE OUTBREAK",3,"PG","4.95","38.90","43.85","15"
552,"MAJESTIC FLOATS",5,"PG","6.93","36.90","43.83","17"
687,"POCUS PULP",6,"NC-17","14.85","28.89","43.74","26"
960,"WARS PLUTO",5,"G","11.96","30.94","42.90","10"
530,"LORD ARIZONA",5,"PG-13","17.94","24.95","42.89","11"
700,"PRIX UNDEFEATED",4,"R","23.92","18.97","42.89","11"
187,"CRANES RESERVOIR",5,"NC-17","17.94","24.95","42.89","11"
756,"SADDLE ANTITRUST",7,"PG-13","38.87","3.99","42.86","14"
744,"ROOTS REMEMBER",4,"PG-13","7.92","34.91","42.83","17"
602,"MOURNING PURPLE",5,"PG","12.87","29.92","42.79","21"
164,"COAST RAINBOW",4,"PG","9.90","32.89","42.79","21"
54,"BANGER PINOCCHIO",5,"R","12.87","29.91","42.78","22"
268,"EARLY HOME",6,"NC-17","19.96","21.97","41.93","7"
411,"HEAVENLY GUN",5,"NC-17","19.96","21.97","41.93","7"
431,"HOOSIERS BIRDCAGE",3,"G","2.99","38.93","41.92","8"
817,"SOLDIERS EVOLUTION",7,"R","34.93","6.99","41.92","8"
306,"FEATHERS METAL",3,"PG-13","2.97","38.92","41.89","11"
577,"MILE MULAN",4,"PG","2.97","38.90","41.87","13"
828,"SPIKING ELEMENT",7,"G","32.89","8.98","41.87","13"
40,"ARMY FLINTSTONES",4,"R","7.92","33.92","41.84","16"
383,"GROOVE FICTION",6,"NC-17","7.92","33.90","41.82","18"
233,"DISCIPLE MOTHER",3,"PG","10.89","30.92","41.81","19"
864,"SUNDANCE INVASION",5,"NC-17","9.90","31.91","41.81","19"
191,"CROOKED FROGMEN",6,"PG-13","14.85","26.92","41.77","23"
161,"CLUE GRAIL",6,"NC-17","19.96","20.97","40.93","7"
695,"PRESIDENT BANG",6,"PG","19.96","20.97","40.93","7"
289,"EVE RESURRECTION",5,"G","19.96","20.97","40.93","7"
876,"TARZAN VIDEOTAPE",3,"PG-13","8.97","31.95","40.92","8"
337,"FRIDA SLIPPER",6,"R","14.95","25.95","40.90","11"
110,"CABIN FLASH",4,"NC-17","3.96","36.89","40.85","15"
833,"SPLENDOR PATTON",5,"R","10.89","29.90","40.79","21"
485,"JERSEY SASSY",6,"PG","14.97","24.97","39.94","6"
884,"TERMINATOR CLUB",5,"R","9.98","29.96","39.94","6"
316,"FIRE WOLVES",5,"R","19.96","19.97","39.93","7"
278,"ELF MURDER",4,"NC-17","24.95","14.98","39.93","7"
848,"STONE FIRE",3,"G","2.97","36.92","39.89","11"
736,"ROBBERY BRIGHT",4,"R","4.95","34.92","39.87","13"
829,"SPINAL ROCKY",7,"PG-13","35.88","3.99","39.87","13"
652,"PAJAMA JAWBREAKER",3,"R","1.98","37.88","39.86","14"
452,"ILLUSION AMELIE",4,"R","7.92","31.93","39.85","15"
896,"TOOTSIE PILOT",3,"PG","6.93","32.92","39.85","15"
488,"JOON NORTHWEST",3,"NC-17","8.91","30.92","39.83","17"
282,"ENCOUNTERS CURTAIN",5,"NC-17","10.89","28.92","39.81","19"
176,"CONGENIALITY QUEST",6,"PG-13","13.86","25.92","39.78","22"
646,"OUTBREAK DIVINE",6,"NC-17","13.86","25.91","39.77","23"
309,"FEUD FROGMEN",6,"R","18.81","20.94","39.75","25"
850,"STORY SIDE",7,"R","20.79","18.93","39.72","28"
875,"TALENTED HOMICIDE",6,"PG","22.77","16.94","39.71","29"
472,"ITALIAN AFRICAN",3,"G","9.98","28.96","38.94","6"
82,"BLOOD ARGONAUTS",3,"G","2.97","35.93","38.90","10"
952,"WAGON JAWS",7,"PG","14.95","23.95","38.90","10"
257,"DRUMLINE CYCLONE",3,"G","1.98","36.91","38.89","11"
576,"MIGHTY LUCK",7,"PG","29.90","8.98","38.88","12"
928,"UPTOWN YOUNG",5,"PG","32.89","5.99","38.88","12"
457,"INDEPENDENCE HOTEL",5,"NC-17","12.87","25.94","38.81","19"
677,"PIANIST OUTFIELD",6,"NC-17","18.85","19.93","38.78","21"
976,"WIND PHANTOM",6,"R","14.85","23.92","38.77","23"
119,"CAPER MOTIONS",6,"G","16.83","21.93","38.76","24"
200,"CURTAIN VIDEOTAPE",7,"PG-13","17.82","20.92","38.74","27"
595,"MOON BUNCH",7,"PG","21.78","16.93","38.71","29"
372,"GRACELAND DYNAMITE",5,"R","14.97","22.97","37.94","6"
364,"GODFATHER DIARY",3,"NC-17","11.96","25.96","37.92","8"
939,"VERTIGO NORTHWEST",4,"R","11.96","25.96","37.92","8"
815,"SNATCHERS MONTEZUMA",4,"PG-13","14.95","22.96","37.91","9"
29,"ANTITRUST TOMATOES",5,"NC-17","17.94","19.96","37.90","10"
413,"HEDWIG ALTER",7,"NC-17","32.89","4.99","37.88","12"
3,"ADAPTATION HOLES",7,"NC-17","32.89","4.99","37.88","12"
467,"INTRIGUE WORST",6,"G","11.88","25.92","37.80","20"
790,"SHOOTIST SUPERFLY",6,"PG-13","16.83","20.93","37.76","24"
387,"GUN BONNIE",7,"G","16.83","20.92","37.75","25"
970,"WESTWARD SEABISCUIT",7,"NC-17","17.82","19.92","37.74","26"
248,"DOZEN LION",6,"NC-17","24.95","11.98","36.93","7"
182,"CONTROL ANTHEM",7,"G","29.94","6.99","36.93","7"
604,"MULAN MOON",4,"G","5.94","30.93","36.87","13"
461,"INSECTS STONE",3,"NC-17","15.86","20.95","36.81","18"
140,"CHEAPER CLYDE",6,"G","10.89","25.91","36.80","20"
949,"VOLCANO TEXAS",6,"NC-17","13.86","22.92","36.78","22"
1,"ACADEMY DINOSAUR",6,"PG","18.84","17.93","36.77","23"
697,"PRIMARY GLASS",7,"G","20.79","15.94","36.73","27"
340,"FRONTIER CABIN",6,"PG-13","14.97","20.97","35.94","6"
769,"SCHOOL JACKET",5,"PG-13","14.97","20.97","35.94","6"
102,"BUBBLE GROSSE",4,"R","19.96","15.98","35.94","6"
926,"UNTOUCHABLES SUNRISE",5,"NC-17","8.97","26.95","35.92","8"
368,"GONE TROUBLE",7,"R","20.93","14.97","35.90","10"
393,"HALLOWEEN NUTS",6,"PG-13","17.94","17.96","35.90","10"
241,"DONNIE ALLEY",4,"NC-17","6.93","28.93","35.86","14"
535,"LOVE SUICIDES",6,"R","12.87","22.93","35.80","20"
11,"ALAMO VIDEOTAPE",6,"G","15.84","19.92","35.76","24"
238,"DOCTOR GRAIL",4,"G","8.97","25.96","34.93","7"
726,"RESERVOIR ADAPTATION",7,"PG-13","17.94","16.96","34.90","10"
549,"MAGNOLIA FORRESTER",4,"PG-13","3.96","30.93","34.89","11"
819,"SONG HEDWIG",3,"PG-13","2.97","31.92","34.89","11"
585,"MOB DUFFEL",4,"G","2.97","31.91","34.88","12"
732,"RINGS HEARTBREAKERS",5,"G","4.95","29.90","34.85","15"
963,"WATCH TRACY",5,"PG","8.91","25.93","34.84","16"
862,"SUMMER SCARFACE",5,"G","7.92","26.92","34.84","16"
877,"TAXI KICK",4,"PG-13","10.89","23.94","34.83","17"
524,"LION UNCUT",6,"PG","9.90","24.92","34.82","18"
79,"BLADE POLISH",5,"PG-13","12.87","21.92","34.79","22"
270,"EARTH VISION",7,"NC-17","15.84","18.93","34.77","23"
122,"CARRIE BUNCH",7,"PG","14.85","19.92","34.77","23"
310,"FEVER EMPIRE",5,"R","9.98","23.97","33.95","5"
237,"DIVORCE SHINING",3,"G","8.97","24.96","33.93","7"
550,"MAGUIRE APACHE",6,"NC-17","14.95","18.96","33.91","9"
761,"SANTA PARIS",7,"PG","29.90","3.99","33.89","11"
832,"SPLASH GUMP",5,"PG","6.93","26.93","33.86","14"
907,"TRANSLATION SUMMER",4,"PG-13","7.92","25.93","33.85","15"
747,"ROXANNE REBEL",5,"R","10.89","22.92","33.81","19"
948,"VOICE PEACH",6,"PG-13","12.87","20.94","33.81","19"
19,"AMADEUS HOLY",6,"PG","13.86","19.93","33.79","21"
132,"CHAINSAW UPTOWN",6,"PG","14.85","18.94","33.79","21"
883,"TEQUILA PAST",6,"PG","19.96","12.98","32.94","6"
106,"BULWORTH COMMANDMENTS",4,"G","8.97","23.96","32.93","7"
553,"MAKER GABLES",4,"PG-13","3.96","28.94","32.90","10"
617,"NATURAL STOCK",4,"PG-13","5.94","26.93","32.87","13"
840,"STAMPEDE DISTURBING",5,"R","7.92","24.94","32.86","14"
600,"MOTIONS DETAILS",5,"PG","7.92","24.93","32.85","16"
85,"BONNIE HOLOCAUST",4,"G","10.89","21.95","32.84","16"
717,"REAR TRADING",6,"NC-17","8.91","23.92","32.83","17"
299,"FACTORY DRAGON",4,"PG-13","10.89","21.94","32.83","17"
560,"MARS ROMAN",6,"NC-17","12.87","19.94","32.81","19"
416,"HIGHBALL POTTER",6,"R","16.83","15.96","32.79","21"
18,"ALTER VICTORY",6,"PG-13","16.83","15.95","32.78","22"
143,"CHILL LUCK",6,"PG","16.83","15.95","32.78","22"
130,"CELEBRITY HORN",7,"PG-13","17.82","14.94","32.76","24"
786,"SHEPHERD MIDSUMMER",7,"R","19.80","12.95","32.75","25"
405,"HAUNTED ANTITRUST",6,"NC-17","24.95","6.99","31.94","6"
224,"DESPERATE TRAINSPOTTING",7,"G","24.95","6.99","31.94","6"
758,"SAINTS BRIDE",5,"G","14.95","16.97","31.92","8"
225,"DESTINATION JERK",3,"PG-13","1.98","29.94","31.92","8"
714,"RANDOM GO",6,"NC-17","17.94","13.97","31.91","9"
264,"DWARFS ALTER",6,"G","17.94","13.97","31.91","9"
205,"DANCES NONE",3,"NC-17","6.93","24.93","31.86","14"
781,"SEVEN SWARM",4,"R","14.97","15.98","30.95","5"
32,"APOCALYPSE FLAMINGOS",6,"R","24.95","5.99","30.94","6"
490,"JUMANJI BLADE",4,"G","14.95","15.97","30.92","8"
240,"DOLLS RAGE",7,"PG-13","17.94","12.97","30.91","9"
539,"LUCK OPUS",7,"NC-17","26.91","3.99","30.90","10"
886,"THEORY MERMAID",5,"PG-13","8.93","21.95","30.88","11"
809,"SLIPPER FIDELITY",5,"PG-13","9.90","20.94","30.84","16"
280,"EMPIRE MALKOVICH",7,"G","14.85","15.94","30.79","21"
978,"WISDOM WORKER",3,"R","1.98","27.93","29.91","9"
208,"DARES PLUTO",7,"PG-13","17.94","11.97","29.91","9"
636,"OLEANDER CLUE",5,"PG","2.97","26.93","29.90","10"
794,"SIDE ARK",5,"G","3.96","25.92","29.88","12"
534,"LOUISIANA HARRY",5,"PG-13","9.90","19.93","29.83","17"
155,"CLEOPATRA DEVIL",6,"PG-13","7.92","21.91","29.83","18"
743,"ROOM ROMAN",7,"PG","13.86","15.94","29.80","20"
741,"ROMAN PUNK",7,"NC-17","19.80","9.96","29.76","24"
185,"COWBOY DOOM",3,"PG","14.95","13.98","28.93","7"
684,"PIZZA JUMANJI",4,"NC-17","8.97","19.96","28.93","7"
541,"LUKE MUMMY",5,"NC-17","14.95","13.98","28.93","7"
146,"CHITTY LOCK",6,"G","14.95","13.97","28.92","8"
656,"PAPI NECKLACE",3,"PG","2.97","25.95","28.92","8"
983,"WON DARES",7,"PG","20.93","7.98","28.91","9"
482,"JEOPARDY ENCINO",3,"R","3.96","24.94","28.90","10"
315,"FINDING ANACONDA",4,"R","4.95","23.93","28.88","12"
766,"SAVANNAH TOWN",5,"PG-13","4.95","23.93","28.88","12"
149,"CHRISTMAS MOONSHINE",7,"NC-17","15.84","12.95","28.79","21"
377,"GREASE YOUTH",7,"G","16.83","11.96","28.79","21"
459,"INFORMER DOUBLE",4,"NC-17","14.97","12.98","27.95","5"
513,"LEATHERNECKS DWARFS",6,"PG-13","8.97","18.96","27.93","7"
836,"SQUAD FISH",3,"PG","11.96","15.97","27.93","7"
230,"DIARY PANIC",7,"G","23.92","3.99","27.91","9"
250,"DRAGON SQUAD",4,"NC-17","4.95","22.94","27.89","11"
581,"MINORITY KISS",4,"G","4.95","22.94","27.89","12"
281,"ENCINO ELF",6,"G","13.86","13.95","27.81","19"
118,"CANYON STOCK",7,"R","14.85","12.96","27.81","19"
89,"BORROWERS BEDAZZLED",7,"G","18.81","8.97","27.78","22"
699,"PRIVATE DROP",7,"PG","19.96","6.99","26.95","5"
923,"UNFAITHFUL KILL",7,"R","17.94","8.98","26.92","8"
674,"PET HAUNTING",3,"PG","2.97","23.95","26.92","8"
188,"CRAZY HOME",7,"PG","26.91","0","26.91","9"
291,"EVOLUTION ALTER",5,"PG-13","4.95","21.93","26.88","12"
727,"RESURRECTION SILVERADO",6,"PG","15.84","10.95","26.79","21"
107,"BUNCH MINDS",4,"G","5.98","19.97","25.95","5"
223,"DESIRE ALIEN",7,"NC-17","20.93","4.99","25.92","8"
629,"NOTORIOUS REUNION",7,"NC-17","5.94","19.92","25.86","14"
598,"MOSQUITO ARMAGEDDON",6,"G","9.90","15.95","25.85","15"
424,"HOLOCAUST HIGHBALL",6,"R","12.87","12.96","25.83","17"
924,"UNFORGIVEN ZOOLANDER",7,"PG","12.87","12.95","25.82","18"
562,"MASKED BUBBLE",6,"PG-13","15.84","9.96","25.80","20"
218,"DECEIVER BETRAYED",7,"NC-17","17.82","7.97","25.79","21"
904,"TRAIN BUNCH",3,"R","14.97","9.99","24.96","4"
441,"HUNTER ALTER",5,"PG-13","2.99","21.96","24.95","5"
903,"TRAFFIC HOBBIT",5,"G","24.95","0","24.95","5"
62,"BED HIGHBALL",5,"NC-17","8.97","15.97","24.94","6"
990,"WORLD LEATHERNECKS",3,"PG-13","2.97","21.95","24.92","8"
352,"GATHERING CALENDAR",4,"PG-13","4.95","19.94","24.89","11"
290,"EVERYONE CRAFT",4,"PG","7.92","16.95","24.87","13"
258,"DRUMS DYNAMITE",6,"PG","6.93","17.94","24.87","13"
855,"STREAK RIDGEMONT",7,"PG-13","10.89","13.95","24.84","16"
688,"POLISH BROOKLYN",6,"PG","12.87","11.95","24.82","18"
663,"PATIENT SISTER",7,"NC-17","14.85","9.96","24.81","19"
981,"WOLVES DESIRE",7,"NC-17","18.81","5.98","24.79","21"
249,"DRACULA CRYSTAL",7,"G","17.82","6.97","24.79","21"
558,"MANNEQUIN WORST",3,"PG-13","2.99","20.96","23.95","5"
259,"DUCK RACER",4,"NC-17","8.97","14.97","23.94","6"
125,"CASSIDY WYOMING",5,"NC-17","5.98","17.96","23.94","6"
517,"LESSON CLEOPATRA",3,"NC-17","1.98","21.95","23.93","7"
136,"CHAPLIN LICENSE",7,"NC-17","23.92","0","23.92","8"
163,"CLYDE THEORY",4,"PG-13","2.97","20.95","23.92","8"
76,"BIRDCAGE CASPER",4,"NC-17","2.97","20.94","23.91","9"
722,"REEF SALUTE",5,"NC-17","5.94","17.95","23.89","11"
992,"WRATH MILE",5,"NC-17","8.91","14.95","23.86","14"
634,"ODDS BOOGIE",6,"NC-17","9.90","13.95","23.85","15"
427,"HOMEWARD CIDER",5,"R","11.88","11.96","23.84","16"
297,"EXTRAORDINARY CONQUERER",6,"G","11.96","10.98","22.94","6"
399,"HAPPINESS UNITED",6,"G","11.96","10.98","22.94","6"
622,"NEWSIES STORY",4,"G","2.97","19.96","22.93","7"
53,"BANG KWAI",5,"NC-17","14.95","7.98","22.93","7"
520,"LICENSE WEEKEND",7,"NC-17","17.94","4.99","22.93","7"
787,"SHINING ROSES",4,"G","1.98","20.94","22.92","8"
34,"ARABIA DOGMA",6,"NC-17","8.91","13.96","22.87","13"
440,"HUNGER ROOF",6,"G","5.94","16.93","22.87","13"
942,"VIETNAM SMOOCHY",7,"PG-13","10.89","11.96","22.85","15"
348,"GANDHI KWAI",7,"PG-13","12.87","9.96","22.83","17"
610,"MUSIC BOONDOCK",7,"R","14.85","7.96","22.81","19"
675,"PHANTOM GLORY",6,"NC-17","11.96","9.98","21.94","6"
959,"WARLOCK WEREWOLF",6,"G","11.96","9.98","21.94","6"
498,"KILLER INNOCENT",7,"R","8.97","12.97","21.94","6"
569,"MENAGERIE RUSHMORE",7,"G","17.94","3.99","21.93","7"
605,"MULHOLLAND BEAST",7,"PG","17.94","3.99","21.93","7"
153,"CITIZEN SHREK",7,"G","7.92","13.95","21.87","13"
593,"MONTEREY LABYRINTH",6,"G","9.90","11.97","21.87","13"
105,"BULL SHAWSHANK",6,"NC-17","11.88","9.96","21.84","16"
479,"JEDI BENEATH",7,"PG","16.83","4.98","21.81","19"
97,"BRIDE INTRIGUE",7,"G","16.83","4.98","21.81","19"
454,"IMPACT ALADDIN",6,"PG-13","0.99","19.92","20.91","9"
834,"SPOILERS HELLFIGHTERS",4,"G","3.96","16.94","20.90","10"
882,"TENENBAUMS COMMAND",4,"PG-13","8.91","11.96","20.87","13"
493,"KANE EXORCIST",5,"R","9.90","10.96","20.86","14"
186,"CRAFT OUTFIELD",6,"NC-17","12.87","7.97","20.84","16"
613,"MYSTIC TRUMAN",5,"NC-17","5.94","13.96","19.90","10"
831,"SPIRITED CASUALTIES",5,"PG-13","4.95","14.94","19.89","11"
509,"LANGUAGE COWBOY",5,"NC-17","6.93","12.96","19.89","11"
821,"SORORITY QUEEN",6,"NC-17","7.92","11.96","19.88","12"
538,"LOVERBOY ATTACKS",7,"PG-13","6.93","12.95","19.88","12"
894,"TOMATOES HELLFIGHTERS",6,"PG","10.89","8.97","19.86","14"
799,"SIMON NORTH",3,"NC-17","1.98","16.96","18.94","6"
754,"RUSHMORE MERMAID",6,"PG-13","14.95","3.99","18.94","6"
425,"HOLY TADPOLE",6,"R","4.95","13.96","18.91","9"
283,"ENDING CROWDS",6,"NC-17","7.92","10.97","18.89","11"
194,"CROW GREASE",6,"PG","8.91","9.97","18.88","12"
696,"PRIDE ALAMO",6,"NC-17","14.85","3.99","18.84","16"
812,"SMOKING BARBARELLA",7,"PG-13","14.85","3.98","18.83","18"
507,"LADYBUGS ARMAGEDDON",4,"NC-17","2.97","14.97","17.94","6"
547,"MAGIC MALLRATS",3,"PG","3.96","13.97","17.93","7"
357,"GILBERT PELICAN",7,"G","3.96","13.95","17.91","9"
868,"SUPERFLY TRIP",5,"PG","6.93","10.97","17.90","10"
27,"ANONYMOUS HUMAN",7,"NC-17","8.91","8.96","17.87","13"
430,"HOOK CHARIOTS",7,"G","9.90","7.97","17.87","13"
795,"SIEGE MADRE",7,"R","11.88","5.97","17.85","15"
94,"BRAVEHEART HUMAN",7,"PG-13","11.96","4.99","16.95","5"
180,"CONSPIRACY SPIRIT",4,"PG-13","11.96","4.99","16.95","5"
343,"FULL FLATLINERS",6,"PG","11.96","4.99","16.95","5"
997,"YOUTH KICK",4,"NC-17","1.98","14.96","16.94","6"
339,"FROGMEN BREAKING",5,"R","6.93","9.97","16.90","10"
66,"BENEATH RUSH",6,"NC-17","6.93","9.97","16.90","10"
64,"BEETHOVEN EXORCIST",6,"PG-13","6.93","9.96","16.89","11"
931,"VALENTINE VANISHING",7,"PG-13","8.91","7.97","16.88","12"
63,"BEDAZZLED MARRIED",6,"PG","8.91","7.96","16.87","13"
797,"SILENCE KANE",7,"R","14.85","1.99","16.84","16"
400,"HARDLY ROBBERS",7,"R","5.98","9.98","15.96","4"
584,"MIXED DOORS",6,"PG-13","5.98","9.98","15.96","4"
612,"MUSSOLINI SPOILERS",6,"G","11.96","3.99","15.95","5"
974,"WILD APOLLO",4,"R","2.97","12.97","15.94","6"
407,"HAWK CHILL",5,"PG-13","3.96","11.97","15.93","7"
947,"VISION TORQUE",5,"PG-13","3.96","11.97","15.93","7"
492,"JUNGLE CLOSER",6,"NC-17","5.94","9.97","15.91","9"
511,"LAWRENCE LOVE",7,"NC-17","10.89","4.98","15.87","13"
762,"SASSY PACKER",6,"G","11.88","3.99","15.87","13"
379,"GREEDY ROOTS",7,"R","12.87","2.99","15.86","14"
830,"SPIRIT FLINTSTONES",7,"R","13.86","1.99","15.85","15"
362,"GLORY TRACY",7,"PG-13","14.95","0","14.95","5"
808,"SLING LUKE",5,"R","2.97","11.97","14.94","6"
935,"VANISHED GARDEN",5,"R","1.98","12.96","14.94","7"
752,"RUNNER MADIGAN",6,"NC-17","4.95","9.97","14.92","8"
998,"ZHIVAGO CORE",6,"NC-17","5.94","8.97","14.91","9"
813,"SMOOCHY CONTROL",7,"R","9.90","4.98","14.88","12"
262,"DUMBO LUST",5,"NC-17","2.97","10.97","13.94","6"
965,"WATERSHIP FRONTIER",6,"G","1.98","11.96","13.94","6"
516,"LEGEND JEDI",7,"PG","5.94","7.97","13.91","9"
630,"NOTTING SPEAKEASY",7,"PG-13","6.93","6.97","13.90","10"
423,"HOLLYWOOD ANONYMOUS",7,"PG","11.88","1.99","13.87","13"
910,"TREATMENT JEKYLL",3,"PG","4.95","7.98","12.93","7"
866,"SUNSET RACER",6,"NC-17","4.95","7.97","12.92","8"
822,"SOUP WISDOM",6,"R","4.95","7.97","12.92","8"
751,"RUNAWAY TENENBAUMS",6,"NC-17","5.94","6.98","12.92","8"
940,"VICTORY ACADEMY",6,"PG-13","5.94","6.97","12.91","9"
899,"TOWERS HURRICANE",7,"NC-17","9.90","2.99","12.89","11"
566,"MAUDE MOD",6,"R","5.94","5.98","11.92","8"
594,"MONTEZUMA COMMAND",6,"NC-17","6.93","4.98","11.91","9"
355,"GHOSTBUSTERS ELF",7,"R","5.94","5.97","11.91","9"
477,"JAWBREAKER BROOKLYN",5,"PG","8.91","2.99","11.90","10"
157,"CLOCKWORK PARADISE",7,"PG-13","7.92","3.98","11.90","10"
178,"CONNECTION MICROCOSMOS",6,"G","4.95","5.98","10.93","7"
52,"BALLROOM MOCKINGBIRD",6,"G","5.94","4.98","10.92","8"
168,"COMANCHEROS ENEMY",5,"R","4.95","4.99","9.94","6"
523,"LIGHTS DEER",7,"R","5.94","3.98","9.92","8"
401,"HAROLD FRENCH",6,"NC-17","6.93","2.99","9.92","8"
839,"STALLION SUNDANCE",5,"PG-13","4.95","3.98","8.93","7"
475,"JAPANESE RUN",6,"G","4.95","2.99","7.94","6"
196,"CRUELTY UNFORGIVEN",7,"G","5.94","1.99","7.93","7"
718,"REBEL AIRPORT",7,"G","7.92","0","7.92","8"
261,"DUFFEL APOCALYPSE",5,"G","6.93","0","6.93","7"
996,"YOUNG LANGUAGE",6,"G","6.93","0","6.93","7"
335,"FREEDOM CLEOPATRA",5,"PG-13","3.96","1.99","5.95","5"
635,"OKLAHOMA JUMANJI",7,"PG","5.94","0","5.94","6"
885,"TEXAS WATCH",7,"NC-17","5.94","0","5.94","6"
